baby's brain,version,brand,model_params,model_size,device,c_tokenizer,c_sequence,c_attention,c_network,n_ctx,n_emb,r_dropout,s_head,n_heads,n_layers,n_epochs,s_batch,r_learn,dataset_name,batch_time_execution,epoch_time_execution,total_time_execution,inference_time_execution,inference_quality_execution
fb546251-ec1c-4e00-a713-765693d8c5cf,v0.0.1,13th Gen Intel(R) Core(TM) i7-1360P,824897,3299588,cpu,char,pre,mha,mlp,8,128,0.1,128,16,4,1,16,1.0.001,shakespeare,0.19,7200,7200,8,1.0/100
c6832bb3-3f49-493d-9548-62d46065c1e0,v0.0.1,13th Gen Intel(R) Core(TM) i7-1360P,1601089,6404356,cpu,char,pre,mha,mlp,8,128,0.1,128,16,8,1,16,1.0.001,shakespeare,0.55,37355,37355,13,10.4/100
33bd6583-1b87-4469-b55e-0ccb8fd0441c,v0.0.1,13th Gen Intel(R) Core(TM) i7-1360P,3199553,12798212,cpu,char,pre,mha,mlp,8,128,0.1,128,16,16,1,16,1.0.001,shakespeare,0.63,41802,41802,14,5/100
17e84fc6-57f9-4843-a0f2-6150e7c7f169,v0.0.1,13th Gen Intel(R) Core(TM) i7-1360P,824897,3299588,cpu,char,pre,mha,mlp,16,128,0.1,128,16,4,1,16,1.0.001,shakespeare,0.29,19916,19916,14,1.4/100
ecb6a3b1-ffd5-4cbd-a3e0-d9a9716dacbd,v0.0.1,13th Gen Intel(R) Core(TM) i7-1360P,1602113,6408452,cpu,char,pre,mha,mlp,16,128,0.1,128,16,8,1,16,1.0.001,shakespeare,0.91,60851,60851,14,21.0/100
180eeb27-b1b4-4427-9734-c70e10da2005,v0.0.1,13th Gen Intel(R) Core(TM) i7-1360P,3199553,12798212,cpu,char,pre,mha,mlp,16,128,0.1,128,16,16,1,16,1.0.001,shakespeare,1.26,83749,83749,26,17.4/100
e64dd257-c048-441b-ad08-47275b22cc0b,v0.0.1,13th Gen Intel(R) Core(TM) i7-1360P,812609,3250436,cpu,char,pre,mha,mlp,32,128,0.1,128,16,4,1,16,1.0.001,shakespeare,0.79,53771,53771,12,26.2/100
465e5804-17af-412c-8bf6-808a34cdf617,v0.0.1,13th Gen Intel(R) Core(TM) i7-1360P,1604161,6416644,cpu,char,pre,mha,mlp,32,128,0.1,128,16,8,1,16,1.0.001,shakespeare,1.48,97984,97984,23,25.8/100
5f13a2ab-113a-4c2c-8abd-40384bdd8854,v0.0.1,13th Gen Intel(R) Core(TM) i7-1360P,3199553,12798212,cpu,char,pre,mha,mlp,32,128,0.1,128,16,16,1,16,1.0.001,shakespeare,2.00,134234,134234,54,19.4/100
0cbeae2b-2884-434d-8fdf-b8a12d8d50c4,v0.0.1,13th Gen Intel(R) Core(TM) i7-1360P,816705,3266820,cpu,char,pre,mha,mlp,64,128,0.1,128,16,4,1,16,1.0.001,shakespeare,2.02,137095,137095,39,25.0/100
e65d4a59-a816-4ffa-b8ac-935db1064433,v0.0.1,13th Gen Intel(R) Core(TM) i7-1360P,1608257,6433028,cpu,char,pre,mha,mlp,64,128,0.1,128,16,8,1,16,1.0.001,shakespeare,3.53,237971,237971,45,25.4/100
cb632ce3-3f3b-432b-b24f-9171005f205e,v0.0.1,13th Gen Intel(R) Core(TM) i7-1360P,3199553,12798212,cpu,char,pre,mha,mlp,64,128,0.1,128,16,16,1,16,1.0.001,shakespeare,4.89,328598,328598,88,30.5/100
be5bf515-5850-41de-9072-af8faca7d27a,v0.0.1,13th Gen Intel(R) Core(TM) i7-1360P,824897,3299588,cpu,char,pre,mha,mlp,128,128,0.1,128,16,4,1,16,1.0.001,shakespeare,5.11,320999,320999,26,33.6/100
868be641-a21a-4c5f-8916-2dfc4c92f5e9,v0.0.1,13th Gen Intel(R) Core(TM) i7-1360P,1616449,6465796,cpu,char,pre,mha,mlp,128,128,0.1,128,16,8,1,16,1.0.001,shakespeare,4.83,372273,372273,88,34.2/100
12b8b053-6c14-42aa-a957-89b809e6f785,v0.0.1,13th Gen Intel(R) Core(TM) i7-1360P,3199553,12798212,cpu,char,pre,mha,mlp,128,128,0.1,128,16,16,1,16,1.0.001,shakespeare,10.80,737839,737839,199,34.2/100
b3aedc6d-da9a-4398-b067-faeca1afc6da,v0.0.1,13th Gen Intel(R) Core(TM) i7-1360P,37697,150788,cpu,char,pre,mha,mlp,256,32,0.1,32,16,2,1,16,1.0.001,shakespeare,3.45,228208,228208,26,5.0/100
652d3409-24a5-4057-b482-9fd9e32fc484,v0.0.1,13th Gen Intel(R) Core(TM) i7-1360P,74689,298756,cpu,char,pre,mha,mlp,256,64,0.1,64,16,1,1,16,1.0.001,shakespeare,2.15,143777,143777,25,14.3/100
fda4ed80-b633-4e6e-a4a7-894a76528bd3,v0.0.1,13th Gen Intel(R) Core(TM) i7-1360P,112193,448772,cpu,char,pre,mha,mlp,64,64,0.1,64,16,2,4,16,1.0.001,shakespeare,0.44,30071,120286,5,23.2/100
82689609-5b39-4fd7-8a42-5d2f04dabf7a,v0.0.1,13th Gen Intel(R) Core(TM) i7-1360P,211777,847108,cpu,char,pre,mha,mlp,64,64,0.1,64,16,4,4,16,1.0.001,shakespeare,0.82,54558,218235,9,24.9/100
7a1459eb-5876-4c20-b56a-34a779066ae0,v0.0.1,13th Gen Intel(R) Core(TM) i7-1360P,192321,769284,cpu,char,pre,moh,moe,32,32,0.1,128,16,4,1,16,1.0.001,shakespeare,0.29,218232,218235,4,21.0/100
3ceb67f2-0363-439c-9f1a-69a90bf7fa48,v0.0.1,13th Gen Intel(R) Core(TM) i7-1360P,648769,2595076,cpu,char,pre,moh,moe,64,64,0.1,128,16,4,1,16,1.0.001,shakespeare,2.13,142492,142492,48,17.5/100
f2313e8a-35fb-4d12-befa-9410d7c5439d ,v0.1.0,NVIDIA RTX A500 Laptop GPU,833635,28924010,gpu,char,pre,mha,mlp,128,128,0.1,128,16,4,1,16,1.0.001,sophocles,0.28,5653,5653,9,43.9/100
f2313e8a-35fb-4d12-befa-9410d7c5439d_finetuned ,v0.1.0,NVIDIA RTX A500 Laptop GPU,833635,28835367,gpu,char,pre,mha,mlp,128,128,0.1,128,16,4,1,16,1.0.001,sophocles,0.28,5617,5617,5,15.9/100
0487242a-5506-4362-bd9e-36f7b8083f2f,v0.1.0,NVIDIA RTX A500 Laptop GPU,1625187,6500748,gpu,char,pre,mha,mlp,128,128,0.1,128,16,8,1,16,1.0.001,sophocles,0.68,11368,11368,10,31.7/100
0487242a-5506-4362-bd9e-36f7b8083f2f_finetuned,v0.1.0,NVIDIA RTX A500 Laptop GPU,1625187,6500748,gpu,char,pre,mha,mlp,128,128,0.1,128,16,8,1,16,1.0.001,sophocles,0.68,11322,11322,29,29.8/100
c1767e64-390e-49a8-9140-d49b4a87aec5,v0.1.0,NVIDIA RTX A500 Laptop GPU,3208291,12833164,gpu,char,pre,mha,mlp,128,128,0.1,128,16,16,1,16,1.0.001,sophocles,2.22,35976,35976,22,22.1/100
c1767e64-390e-49a8-9140-d49b4a87aec5_finetuned,v0.1.0,NVIDIA RTX A500 Laptop GPU,3208291,12833164,gpu,char,pre,mha,mlp,128,128,0.1,128,16,16,1,16,1.0.001,sophocles,2.22,36733,36733,19,40.5/100
a8009cc2-a12a-4ceb-a943-3856f5e19a33,v0.1.0,NVIDIA RTX A500 Laptop GPU,4470371,17881484,gpu,char,pre,moh,moe,128,128,0.1,128,16,4,1,16,1.0.001,sophocles,0.75,12442,12442,9,31.4/100
a8009cc2-a12a-4ceb-a943-3856f5e19a33_finetuned,v0.1.0,NVIDIA RTX A500 Laptop GPU,4470371,17881484,gpu,char,pre,moh,moe,128,128,0.1,128,16,4,1,16,1.0.001,sophocles,0.76,12536,12536,22,22.7/100
ec9c5de4-751c-49b3-a682-11ecf16feb4e,v0.1.0,NVIDIA RTX A500 Laptop GPU,8898659,35594636,gpu,char,pre,moh,moe,128,128,0.1,128,16,8,1,16,1.0.001,sophocles,1.59,26267,26267,26,36.7/100
ec9c5de4-751c-49b3-a682-11ecf16feb4e_finetuned,v0.1.0,NVIDIA RTX A500 Laptop GPU,8898659,35594636,gpu,char,pre,moh,moe,128,128,0.1,128,16,8,1,16,1.0.001,sophocles,1.64,27285,27285,20,33.6/100
9b66418d-36bd-4e21-89e3-f897083b6662,v0.1.0,NVIDIA RTX A500 Laptop GPU,17755235,71020940,gpu,char,pre,moh,moe,128,128,0.1,128,16,16,1,16,1.0.001,sophocles,6.68,95355,95355,61,42.3/100
9b66418d-36bd-4e21-89e3-f897083b6662_finetuned,v0.1.0,NVIDIA RTX A500 Laptop GPU,17755235,71020940,gpu,char,pre,moh,moe,128,128,0.1,128,16,16,1,16,1.0.001,sophocles,6.18,103253,103253,57,49.4/100
baa3da3a-353f-40f5-9e02-f44fb406e05c,v0.1.0,NVIDIA RTX A500 Laptop GPU,212579,850316,gpu,char,pre,gqa,lor,128,128,0.1,128,16,4,1,16,1.0.001,sophocles,0.15,3471,3471,10,9.0/100
baa3da3a-353f-40f5-9e02-f44fb406e05c_finetuned,v0.1.0,NVIDIA RTX A500 Laptop GPU,212579,850316,gpu,char,pre,gqa,lor,128,128,0.1,128,16,4,1,16,1.0.001,sophocles,0.15,3411,3411,7,19.1/100
16915fef-a3db-4749-9f0f-c17987fd3aa1,v0.1.0,NVIDIA RTX A500 Laptop GPU,383075,1532300,gpu,char,pre,gqa,lor,128,128,0.1,128,16,8,1,16,1.0.001,sophocles,0.41,6917,6917,12,17.1/100
16915fef-a3db-4749-9f0f-c17987fd3aa1_finetuned,v0.1.0,NVIDIA RTX A500 Laptop GPU,383075,1532300,gpu,char,pre,gqa,lor,128,128,0.1,128,16,8,1,16,1.0.001,sophocles,0.41,6859,6859,14,8.0/100
a428814b-cd47-44a1-9154-6eed95388b68,v0.1.0,NVIDIA RTX A500 Laptop GPU,724067,2896268,gpu,char,pre,gqa,lor,128,128,0.1,128,16,16,1,16,1.0.001,sophocles,1.08,17784,17784,24,30.5/100
a428814b-cd47-44a1-9154-6eed95388b68_finetuned,v0.1.0,NVIDIA RTX A500 Laptop GPU,724067,2896268,gpu,char,pre,gqa,lor,128,128,0.1,128,16,16,1,16,1.0.001,sophocles,1.12,18973,18973,26,30.8/100
57dfcb54-8b40-4c15-bd90-fe97ed4f4e68,v0.1.0,NVIDIA RTX A500 Laptop GPU,1044579,4178316,gpu,char,pre,swh,swi,128,128,0.1,128,16,4,1,16,1.0.001,sophocles,0.33,5606,5606,6,24.2/100
57dfcb54-8b40-4c15-bd90-fe97ed4f4e68_finetuned,v0.1.0,NVIDIA RTX A500 Laptop GPU,1044579,4178316,gpu,char,pre,swh,swi,128,128,0.1,128,16,4,1,16,1.0.001,sophocles,0.33,5563,5563,15,38.6/100
3d0b6f9f-b761-49f4-b402-c1ebf07b23c3,v0.1.0,NVIDIA RTX A500 Laptop GPU,2047075,8188300,gpu,char,pre,swh,swi,128,128,0.1,128,16,8,1,16,1.0.001,sophocles,0.70,11646,11646,19,20.0/100
3d0b6f9f-b761-49f4-b402-c1ebf07b23c3_finetuned,v0.1.0,NVIDIA RTX A500 Laptop GPU,2047075,8188300,gpu,char,pre,swh,swi,128,128,0.1,128,16,8,1,16,1.0.001,sophocles,0.70,11493,11493,21,40.3/100
5e30c346-28a4-43ce-9fb5-1000207d7078,v0.1.0,NVIDIA RTX A500 Laptop GPU,4052067,16208268,gpu,char,pre,swh,swi,128,128,0.1,128,16,16,1,16,1.0.001,sophocles,1.78,29533,29533,22,41.6/100
5e30c346-28a4-43ce-9fb5-1000207d7078_finetuned,v0.1.0,NVIDIA RTX A500 Laptop GPU,4052067,16208268,gpu,char,pre,swh,swi,128,128,0.1,128,16,16,1,16,1.0.001,sophocles,1.47,24404,24404,22,60.0/100
d9e9f071-1354-4402-9e38-c60e94008706,v0.1.0,NVIDIA RTX A500 Laptop GPU,378979,1515916,gpu,char,pre,lda,lin,128,128,0.1,128,16,4,1,16,1.0.001,sophocles,0.10,17784,1742,7,15.2/100
d9e9f071-1354-4402-9e38-c60e94008706_finetuned,v0.1.0,NVIDIA RTX A500 Laptop GPU,378979,1515916,gpu,char,pre,lda,lin,128,128,0.1,128,16,4,1,16,1.0.001,sophocles,0.10,18973,18973,6,6.3/100
88673f38-f950-42b2-a2aa-b365e7b53e69,v0.1.0,NVIDIA RTX A500 Laptop GPU,715875,2863500,gpu,char,pre,lda,lin,128,128,0.1,128,16,8,1,16,1.0.001,sophocles,0.23,3672,3672,13,5.0/100
88673f38-f950-42b2-a2aa-b365e7b53e69_finetuned,v0.1.0,NVIDIA RTX A500 Laptop GPU,715875,2863500,gpu,char,pre,lda,lin,128,128,0.1,128,16,8,1,16,1.0.001,sophocles,0.22,3515,3515,11,6.2/100
84a9d1c0-ba94-4244-b64e-c7fbaf101671,v0.1.0,NVIDIA RTX A500 Laptop GPU,1389667,5558668,gpu,char,pre,lda,lin,128,128,0.1,128,16,16,1,16,1.0.001,sophocles,0.46,7570,7570,18,5.0/100
84a9d1c0-ba94-4244-b64e-c7fbaf101671_finetuned,v0.1.0,NVIDIA RTX A500 Laptop GPU,1389667,5558668,gpu,char,pre,lda,lin,128,128,0.1,128,16,16,1,16,1.0.001,sophocles,0.44,7250,7250,18,5.0/100
2ce1c123-0db0-44bc-b17f-d9cf22a05aab,v0.1.0,NVIDIA RTX A500 Laptop GPU,339555,1358220,gpu,char,pre,rfa,ggl,128,128,0.1,128,16,4,1,16,1.0.001,sophocles,0.23,3948,3948,16,19.1/100
2ce1c123-0db0-44bc-b17f-d9cf22a05aab_finetuned,v0.1.0,NVIDIA RTX A500 Laptop GPU,339555,1358220,gpu,char,pre,rfa,ggl,128,128,0.1,128,16,4,1,16,1.0.001,sophocles,0.26,5282,5282,7,12.5/100
57d57b9b-ec1c-4f19-acc0-d14d20de8b09,v0.1.0,NVIDIA RTX A500 Laptop GPU,637027,2548108,gpu,char,pre,rfa,ggl,128,128,0.1,128,16,8,1,16,1.0.001,sophocles,0.53,8814,8814,16,5.0/100
57d57b9b-ec1c-4f19-acc0-d14d20de8b09_finetuned,v0.1.0,NVIDIA RTX A500 Laptop GPU,637027,2548108,gpu,char,pre,rfa,ggl,128,128,0.1,128,16,8,1,16,1.0.001,sophocles,0.45,7578,7578,20,23.5/100
f67f0ad3-d80a-468a-9fbe-29b9e6f1d50e,v0.1.0,NVIDIA RTX A500 Laptop GPU,1231971,4927884,gpu,char,pre,rfa,ggl,128,128,0.1,128,16,16,1,16,1.0.001,sophocles,1.03,18944,18944,30,16.4/100
f67f0ad3-d80a-468a-9fbe-29b9e6f1d50e_finetuned,v0.1.0,NVIDIA RTX A500 Laptop GPU,1231971,4927884,gpu,char,pre,rfa,ggl,128,128,0.1,128,16,16,1,16,1.0.001,sophocles,1.47,25404,25404,62,20.2/100
73a07294-b706-468d-a834-7504cdbf5d7b,v0.1.0,NVIDIA RTX A500 Laptop GPU,4523619,18094476,gpu,char,pre,mha,moe,128,128,0.1,128,16,4,1,16,1.0.001,sophocles,0.77,12765,12765,12,72.8/100
73a07294-b706-468d-a834-7504cdbf5d7b_finetuned,v0.1.0,NVIDIA RTX A500 Laptop GPU,4523619,18094476,gpu,char,pre,mha,moe,128,128,0.1,128,16,4,1,16,1.0.001,sophocles,0.77,12854,12854,22,84.8/100
a2a97c45-8c04-4571-a6bb-1b7594f0adf2,v0.1.0,NVIDIA RTX A500 Laptop GPU,9005155,36020620,gpu,char,pre,mha,moe,128,128,0.1,128,16,8,1,16,1.0.001,sophocles,1.56,25860,25860,20,35.5/100
a2a97c45-8c04-4571-a6bb-1b7594f0adf2_finetuned,v0.1.0,NVIDIA RTX A500 Laptop GPU,9005155,36020620,gpu,char,pre,mha,moe,128,128,0.1,128,16,8,1,16,1.0.001,sophocles,1.58,26142,26142,20,93.5/100
6266bffc-8bcb-4c58-83a9-1676a9fcd0d6,v0.1.0,NVIDIA RTX A500 Laptop GPU,17968227,71872908,gpu,char,pre,mha,moe,128,128,0.1,128,16,16,1,16,1.0.001,sophocles,7.98,132517,132517,53,67.5/100
6266bffc-8bcb-4c58-83a9-1676a9fcd0d6_finetuned,v0.1.0,NVIDIA RTX A500 Laptop GPU,17968227,71872908,gpu,char,pre,mha,moe,128,128,0.1,128,16,16,1,16,1.0.001,sophocles,7.98,132517,132517,53,67.5/100
39810bc0-ab2d-455d-ad53-11ece0e8e2c1,v0.1.0,NVIDIA RTX A500 Laptop GPU,310883,1243532,gpu,char,pre,mha,lor,128,128,0.1,128,16,4,1,16,0.001,sophocles,0.14,3676,3676,7,17.4/100
39810bc0-ab2d-455d-ad53-11ece0e8e2c1_finetuned,v0.1.0,NVIDIA RTX A500 Laptop GPU,310883,1243532,gpu,char,pre,mha,lor,128,128,0.1,128,16,4,1,16,0.001,sophocles,0.16,3628,3628,7,24.6/100
08710d35-bce4-4353-8a50-2533b382e3a3,v0.1.0,NVIDIA RTX A500 Laptop GPU,579683,2318732,gpu,char,pre,mha,lor,128,128,0.1,128,16,8,1,16,0.001,sophocles,0.44,7356,7356,13,13.5/100
08710d35-bce4-4353-8a50-2533b382e3a3_finetuned,v0.1.0,NVIDIA RTX A500 Laptop GPU,579683,2318732,gpu,char,pre,mha,lor,128,128,0.1,128,16,8,1,16,0.001,sophocles,0.44,7255,7255,10,19.0/100
ad38f0bb-6c3f-434f-a84c-a6b560958036,v0.1.0,NVIDIA RTX A500 Laptop GPU,1117283,4469132,gpu,char,pre,mha,lor,128,128,0.1,128,16,16,1,16,0.001,sophocles,1.09,14883,14883,18,36.8/100
ad38f0bb-6c3f-434f-a84c-a6b560958036_finetuned,v0.1.0,NVIDIA RTX A500 Laptop GPU,1117283,4469132,gpu,char,pre,mha,lor,128,128,0.1,128,16,16,1,16,0.001,sophocles,0.90,14818,14818,23,27.6/100
